AD_HP_ID,CODE_FIR,VAL_LONG_RWY,UOM_LONG_RWY,CODE_ID,TXT_NAME,CODE_IATA,CODE_TYPE_MIL_OPS,GEO_LAT_ACCURACY,GEO_LONG_ACCURACY,VAL_ELEV,UOM_DIST_VER,VAL_MAG_VAR,VAL_MAG_YEAR,VAL_MAG_CHANGE_RATE,VAL_TRANSITION_ALT,UOM_TRANSITION_ALT,VAL_TRANSITION_LEVEL,UOM_TRANSITION_LEVEL,BUREAU_NAME,FLIGHT_RULE,PRIVATE_USE,IS_MODIFIED,IS_INTERNATIONAL,IS_TRANSITION_HEIGHT,TXT_RMK,
5d958dec-7f8b-42a4-a893-43b185b1b04f,,0,,,榆中,,MA,,,1772,M,-1.9,,,0,,0,M,其它,,,N,N,,,
591f8930-f6b3-4e04-ad6d-2dfe3be7ea4e,,0,,,蚌埠,,MA,,,34,M,-4.3,,,0,,0,M,其它,,,N,N,,,
a70253c5-3301-475b-a163-2226675fad31,,0,,,故城,,MA,,,21,M,-5.4,,,0,,0,M,其它,,,N,N,,,
3678664e-021d-4cc7-a737-5ff23c8afa28,,0,,,银川/贺兰山,,MA,,,1155,M,-2.6,,,0,,0,M,其它,,,N,N,,,
cc56915c-4077-41ae-8b7b-9adf6ab330ac,,0,,,沈阳/于洪,,MA,,,41,M,-8.1,,,0,,0,M,其它,,,N,N,,,
d6f9c650-c24a-444c-8cd9-93919de09313,,0,,,临汾,,MA,,,451,M,-3.7,,,0,,0,M,其它,,,N,N,,,
a11e5b2b-b91e-4de3-971e-b757ef867fb7,,0,,,开封,,MA,,,72,M,-4.2,,,0,,0,M,其它,,,N,N,,,
b89d1b13-2eb8-4f51-9c29-f0562fb8bd74,,0,,,包头/公庙子,,MA,,,1024,M,-3.7,,,0,,0,M,其它,,,N,N,,,
99c6eb55-91e4-4b5c-93b5-053721168993,,0,,,武汉,,MA,,,44,M,-3.5,,,0,,0,M,其它,,,N,N,,,
48aecfbf-9be8-40b7-94d2-0d6bda333566,,0,,,漳州,,MA,,,12,M,-2.9,,,0,,0,M,其它,,,N,N,,,
f6ded1e0-2129-4412-afbb-a7623aefe7dd,,0,,,武威,,MA,,,1559,M,-1.6,,,0,,0,M,其它,,,N,N,,,
868898d1-e45d-4b3e-957a-eae5787dbe44,,0,,,樟树,,MA,,,30,M,-3.4,,,0,,0,M,其它,,,N,N,,,
b182f1c2-07f8-43da-b046-9aa456428e1e,,0,,,酒泉/下河清,,MA,,,1483,M,-0.6,,,0,,0,M,其它,,,N,N,,,
900a9f64-d678-41e0-b492-d9bcf6ef11ae,,0,,,当阳,,MA,,,66,M,-3.1,,,0,,0,M,其它,,,N,N,,,
c160f1cd-ed37-4089-95a4-89cb6c32c8ca,,0,,,陵水,,MA,,,39,M,-0.9,,,0,,0,M,其它,,,N,N,,,
fbe40830-6239-447e-a8b1-eb4156763030,,0,,,昌吉/阿尾滩,,MA,,,740,M,3.1,,,0,,0,M,其它,,,N,N,,,
c1a0254b-e011-479b-b20a-e291bdf06a66,,0,,,临潼,,MA,,,391,M,-2.9,,,0,,0,M,其它,,,N,N,,,
df9c173e-7b7d-4d69-8eb6-29b05d8fe4d8,,0,,,安阳,,MA,,,75,M,4.4,,,0,,0,M,其它,,,N,N,,,
c901f07c-5ad2-4a45-9e94-c79354555f01,,0,,,马兰,,MA,,,1104,M,2.6,,,0,,0,M,其它,,,N,N,,,
5773141c-16ef-480c-b31f-b1decff1e3ff,,0,,,海拉尔/西山,,MA,,,624,M,-9,,,0,,0,M,其它,,,N,N,,,
b2e098fe-c23e-4ddf-80dd-112de4edc2bb,,0,,VHHH,香港,HKG,CIV,,,6,M,-2,,,0,,0,M,其它,,,N,N,,,
98fcb486-962d-44c5-b5e1-437f155f6b14,,0,,VMMC,澳门,MFM,CIV,,,6,M,-2,,,0,,0,M,其它,,,N,N,,,
19d80b6d-0da0-4e97-aced-2884810ab206,ZBPE,3800,M,ZBAA,北京/首都,PEK,CIV,N400421,E1163551,35,M,-7.5,2022,-6′22″,3000,M,3600,M,华北管理局,IFR-VFR,S，NS,N,Y,N,,
cc25fbbe-c3b7-4bdf-9856-ca6d52319766,ZBPE,3800,M,ZBAD,北京/大兴,PKX,CIV,N393003,E1162356,25,M,-7.5,2022,-6′21″,3000,M,3600,M,华北管理局,IFR-VFR,S，NS,N,Y,N,,
e07aff01-d0fb-4aa9-aaa4-714c7498eeee,ZLHW,2400,M,ZBAL,阿拉善左旗/巴彦浩特,AXF,CIV,N384454,E1053503,1395,M,-4,2024,6′05″,3000,M,3600,M,华北管理局,IFR-VFR,,N,N,N,无,
e3f70cc4-cbb7-4d6d-91c2-92111543a48f,ZLHW,2400,M,ZBAR,阿拉善右旗/巴丹吉林,RHT,CIV,N391331,E1013258,1417,M,-1.3,,,3000,M,3600,M,华北管理局,IFR-VFR,,N,N,N,无,
244c8d3d-183f-4ed5-b25c-03b4d3bd5b1f,ZBPE,2800,M,ZBCD,承德/普宁,CDE,CIV,N410717,E1180435,702,M,-6.3,2016,,3000,M,3600,M,华北管理局,IFR-VFR,,N,N,N,无,
61c147f9-125b-4838-8420-de9ed3864ddb,ZYSH,2800,M,ZBCF,赤峰/玉龙,CIF,MILEXT,N420935,E1185027,622,M,-9.1,2021,5′59″,0,,0,,华北管理局,IFR-VFR,S，NS,N,N,,,
3b13e29f-1f87-4d0f-acad-c8680892d753,ZBPE,2440,M,ZBCZ,长治/王村,CIH,MILEXT,N361456,E1130735,923,M,-3.4,,,2100,M,3600,M,华北管理局,IFR-VFR,S，NS,N,N,Y,,
ddf551e3-e32a-4f6c-b87e-90044a74a47a,ZBPE,2600,M,ZBDH,秦皇岛/北戴河,BPE,CIV,N393959,E1190341,16,M,-8.3,2023,5′42″,3000,M,3600,M,华北管理局,IFR-VFR,S，NS,N,N,N,,
ed491b05-e21e-4158-9fc5-085c1137c5f7,ZBPE,3200,M,ZBDS,鄂尔多斯/伊金霍洛,DSN,CIV,N392930,E1095150,1400,M,-5.2,2021,4′30″,3000,M,3600,M,华北管理局,IFR-VFR,S，NS,N,Y,N,,
b32abeb6-dedb-4df8-a57d-ac5a20f977a9,ZBPE,3000,M,ZBDT,大同/云冈,DAT,CIV,N400337,E1132856,1057,M,-5.7,2019,,3000,M,3600,M,华北管理局,IFR-VFR,S，NS,N,Y,N,,
70b6bb2b-7172-4b72-94b2-367f859d83f9,ZLHW,2000,M,ZBEN,额济纳旗/桃来,EJN,CIV,N420056,E1010002,935,M,-1.2,,,3000,M,3600,M,华北管理局,IFR-VFR,,Y,N,N,,
252898f9-88e2-4530-b1b4-aebe252cbe74,ZBPE,2800,M,ZBER,二连浩特/赛乌素,ERL,CIV,N432526,E1120531,1014,M,-7,2023,8′00″,3000,M,3600,M,华北管理局,IFR-VFR,,N,Y,N,跑道中心坐标N432528E1120523,
e1ceea37-1a16-49a9-9940-5ef7f6eed05c,ZYSH,2400,M,ZBES,阿尔山/伊尔施,YIE,CIV,N471838,E1195443,896,M,-10.3,2021,5′20″,3000,M,3600,M,华北管理局,IFR-VFR,,N,N,N,,
6808bc62-7d82-40dc-861c-85ce01b4526a,ZBPE,2600,M,ZBHD,邯郸,HDG,CIV,N363129,E1142526,73,M,-5.9,,,3000,M,3600,M,华北管理局,IFR-VFR,S，NS,N,N,N,,
ee9c1a59-3a36-4e2c-abf8-9dbd5bb8211e,ZBPE,3600,M,ZBHH,呼和浩特/白塔,HET,CIV,N405059,E1114928,1084,M,-6.1,2021,3′24″,3000,M,3600,M,华北管理局,IFR-VFR,S，NS,N,Y,N,无,
8c4ed8e5-982a-4522-8211-16b2c4e75e2f,ZYSH,2700,M,ZBHZ,霍林郭勒/霍林河,HUO,CIV,N452915,E1192423,985,M,-10.2,2023,5′39″,3000,M,3600,M,华北管理局,IFR-VFR,S，NS，G,N,N,N,,
8bb10814-2233-4d30-9da8-1b1759930ff0,ZYSH,2800,M,ZBLA,呼伦贝尔/海拉尔,HLD,CIV,N491222,E1194941,660,M,-10.7,2021,5′30″,3000,M,3600,M,华北管理局,IFR-VFR,S，NS,N,Y,N,,
96e0b823-0c91-4a05-9c7e-3bae2383c510,ZBPE,2600,M,ZBLF,临汾/尧都,LFQ,CIV,N360802,E1113827,498,M,-4.7,2014,7.3′,3000,M,3600,M,华北管理局,IFR-VFR,,N,N,N,,
6eb9947c-8a27-4e30-8976-ad80b15a6e1e,ZBPE,2600,M,ZBLL,吕梁/大武,LLV,CIV,N374055,E1110835,1167,M,-4.1,,,3000,M,3600,M,华北管理局,IFR-VFR,,N,N,N,,
940b1444-b514-44b7-a598-341b60ea14b5,ZYSH,2800,M,ZBMZ,满洲里/西郊,NZH,CIV,N493358,E1171956,680,M,-10.3,2021,,3000,M,3600,M,华北管理局,IFR-VFR,S，NS,N,Y,N,,
781c4cc7-cf7f-4a83-baae-bd171e6ea0fb,ZBPE,2800,M,ZBOW,包头/东河,BAV,CIV,N403334,E1095954,1012,M,-5.5,2021,-5′24″,3000,M,3600,M,华北管理局,IFR-VFR,S，NS,N,Y,N,,
91d29a4d-4224-4782-a621-02d900f50f6b,ZBPE,2600,M,ZBSG,朔州/滋润,SZH,CIV,N391622,E1124127,1045,M,-5.7,,,0,,3600,M,华北管理局,IFR-VFR,,N,N,,,
4d9dea21-dd94-4745-8048-094cc6b52543,ZBPE,3400,M,ZBSJ,石家庄/正定,SJW,CIV,N381651,E1144150,71,M,-6.1,2021,-0.3′,3000,M,3600,M,华北管理局,IFR-VFR,,N,Y,N,,
44b8aff9-086b-4396-82b6-dea77971bdcc,ZBPE,2700,M,ZBSN,唐山/三女河,TVS,MILEXT,N394304,E1180010,15,M,-7.7,2021,1.1′,3600,M,0,,华北管理局,IFR-VFR,S，NS,N,N,Y,,
c6078304-a3ce-4975-aea7-6f0cf3f27d64,ZBPE,3600,M,ZBTJ,天津/滨海,TSN,CIV,N390728,E1172046,2,M,-7,2019,4′27″,3000,M,3600,M,华北管理局,IFR-VFR,S，NS,N,Y,N,,
77e90404-79fc-4e18-852f-3197375cbfbb,ZYSH,2700,M,ZBTL,通辽,TGO,CIV,N433325,E1221159,184,M,-9.9,2019,-4′40″,3000,M,3600,M,华北管理局,IFR-VFR,S，NS,N,N,N,,
918b5d36-83af-459d-b383-6bce85295d36,ZBPE,3200,M,ZBUC,乌兰察布/集宁,UCB,CIV,N410749,E1130624,1413,M,-6.6,2021,3′24″,3000,M,3600,M,华北管理局,IFR-VFR,,N,N,N,,
a6a6c77b-a2fe-4620-a90b-f525913b0e4e,ZLHW,2600,M,ZBUH,乌海,WUA,CIV,N394736,E1064758,1111,M,-3.4,2015,,3000,M,3600,M,华北管理局,IFR-VFR,S，NS,N,N,N,,
f52f970a-0b0c-4b47-b5b1-96eadc43d6a2,ZYSH,2600,M,ZBUL,乌兰浩特/义勒力特,HLH,CIV,N461206,E1215956,306,M,-10.5,2021,4′33″,3000,M,3600,M,华北管理局,IFR-VFR,S，NS,N,N,N,,
16104f09-0718-40eb-98de-45cd37397680,ZBPE,2800,M,ZBXH,锡林浩特,XIL,CIV,N435443,E1155737,1017,M,-8.5,2024,6′55″,3000,M,3600,M,华北管理局,IFR-VFR,S，NS,N,N,N,,
b1f6d12c-edcc-42e3-9f79-146dd5f19ed2,,2600,M,ZBXT,邢台/褡裢,XNT,MILEXT,N365259,E1142546,84,M,-6.3,2022,5′24″,3000,M,3600,M,华北管理局,IFR-VFR,S，NS,N,N,N,,
a714e90f-d3bf-440b-b96e-6cb13bc025ca,ZBPE,2600,M,ZBXZ,忻州/五台山,WUT,MILEXT,N383550,E1125806,780,M,-5.7,2013,,2100,M,3600,M,华北管理局,IFR-VFR,,N,N,Y,,
536cb54c-9353-4934-a098-3162e678c6fc,ZBPE,3200,M,ZBYC,运城/盐湖,YCU,CIV,N350705,E1110153,382,M,-5.1,2021,,3000,M,3600,M,华北管理局,IFR-VFR,S，NS,N,Y,N,,
c643f861-9398-4f08-a777-434552176cd7,ZBPE,3600,M,ZBYN,太原/武宿,TYN,CIV,N374448,E1123743,786,M,-4.1,,,3000,M,3600,M,华北管理局,IFR-VFR,S，NS,N,Y,N,,
6f48f788-73f7-4709-aa0e-8c8cd871fd90,ZBPE,2600,M,ZBYZ,巴彦淖尔/天吉泰,RLK,CIV,N405537,E1074422,1034,M,-3.3,2011,,3000,M,3600,M,华北管理局,IFR-VFR,,N,N,N,,
dc1ae658-915a-4c9a-b66c-16db43143d4b,ZBPE,3000,M,ZBZJ,张家口/宁远,ZQZ,MILEXT,N404419,E1145603,718,M,-6.2,2012,,2400,M,3600,M,华北管理局,IFR-VFR,S，NS,N,N,Y,,
a3c272ba-daa0-44be-a7b1-95ff2cbd71ed,ZYSH,2500,M,ZBZL,扎兰屯/成吉思汗,NZL,CIV,N475200,E1224608,287,M,-11.3,2023,03′56″,3000,M,3600,M,华北管理局,IFR-VFR,,N,N,N,无,
8e825de0-90e1-432b-a07e-512d3cfc7fca,ZGZU,3200,M,ZGBH,北海/福成,BHY,CIV,N213222,E1091738,25,M,-2.3,2023,,3000,M,3600,M,中南管理局,IFR-VFR,S，NS，G,N,N,N,无,
1256d337-f54e-4cd6-bee2-2cfafccee07a,ZGZU,2500,M,ZGBS,百色/巴马,AEB,MILEXT,N234312,E1065737,146,M,-2.3,2024,2′53″,2100,M,2700,M,中南管理局,IFR-VFR,,N,N,Y,,
49bec36d-5ea0-4289-9fb9-494bab68542e,ZGZU,2600,M,ZGCD,常德/桃花源,CGD,CIV,N285508,E1113823,46,M,-3.9,2021,,3000,M,3600,M,中南管理局,IFR-VFR,S，NS，G,N,N,N,,
c2103f9e-d088-4ab0-afea-773a840f0a27,ZGZU,2600,M,ZGCJ,怀化/芷江,HJJ,MILEXT,N272638,E1094219,267,M,-2.8,2013,,3000,M,3600,M,中南管理局,IFR-VFR,S，NS，G,N,N,N,,
e3ccfce9-9d19-48ae-8f93-f68d3f5c06cc,ZGZU,2600,M,ZGCZ,郴州/北湖,HCZ,CIV,N254513,E1125044,301,M,-3.5,2020,,3000,M,3600,M,中南管理局,IFR-VFR,S，NS，G,N,N,N,,
60f5e876-2e0c-4d20-b966-fb28f378f5ab,ZGZU,2600,M,ZGDY,张家界/荷花,DYG,CIV,N290611,E1102637,217,M,-3,1993,,3000,M,3600,M,中南管理局,IFR-VFR,S，NS，G,N,Y,N,,
f43887fe-e2fe-42e7-8c51-c0529f6b649e,ZGZU,3800,M,ZGGG,广州/白云,CAN,CIV,N232332,E1131835,15,M,-3,,,2700,M,3600,M,中南管理局,IFR-VFR,S，NS，G,Y,Y,N,无,
e838afba-3a59-4418-beed-193695bf206a,ZGZU,3800,M,ZGHA,长沙/黄花,CSX,CIV,N281121,E1131311,67,M,-4,2022,-4′42″,3000,M,3600,M,中南管理局,IFR-VFR,S，NS，G,N,Y,N,RWY18R/36L跑道中心点坐标：N281131E1131311,
73cd028e-c7ec-49e6-9ca8-4c42df3124bc,ZGZU,2200,M,ZGHC,河池/金城江,HCJ,CIV,N244818,E1074238,678,M,-1.8,2013,,3000,M,3600,M,中南管理局,IFR-VFR,,N,N,N,,
0655d105-5e63-4e1b-9584-817312ea1f28,ZGZU,2600,M,ZGHY,衡阳/南岳,HNY,CIV,N264320,E1123705,102,M,-3.1,2014,,3000,M,3600,M,中南管理局,IFR-VFR,,N,N,N,,
bfb628f7-f7c5-4c23-8b5e-f694b83e094f,ZGZU,2400,M,ZGHZ,惠州/平潭,HUZ,MILEXT,N230255,E1143601,19,M,-3.3,2023,,2700,M,3300,M,中南管理局,IFR-VFR,,N,N,Y,,
efa86232-5722-473d-a941-eab771b9edcf,ZGZU,3200,M,ZGKL,桂林/两江,KWL,CIV,N251305,E1100222,174,M,-1.8,1996,,3000,M,3600,M,中南管理局,IFR-VFR,S，NS，G,N,Y,N,,
39585adf-0d9c-4b36-bef3-8a0f93640043,ZGZU,1300,M,ZGLD,罗定,LDG,CIV,N224239,E1113605,57,M,-1,1991,,3000,M,3600,M,中南管理局,VFR,NS，G,N,N,N,通用航空机场,
9cea71d1-8565-45c0-b23f-5ff58e04c136,ZGZU,2600,M,ZGLG,永州/零陵,LLF,MILEXT,N262020,E1113636,104,M,-1.7,2020,,2100,M,2700,M,中南管理局,IFR-VFR,S，NS，G,N,N,Y,,
5568d25d-ace1-490e-b50b-9836c86dcb95,ZGZU,2400,M,ZGMX,梅州/梅县,MXZ,CIV,N241556,E1160559,93,M,-2,1980,-1′8″,0,,0,,中南管理局,IFR-VFR,S，NS，G,N,N,,跑道中心坐标为N241548E1160552，位于机场基准点以南300m处,
aab055ef-4a22-49e5-8c19-cf515748d298,ZGZU,3200,M,ZGNN,南宁/吴圩,NNG,MILEXT,N223630,E1081021,128,M,-1.7,2008,,3000,M,3600,M,中南管理局,IFR-VFR,S，NS，G,N,Y,Y,,
7ca3bee1-5050-409b-891a-98d176dab58e,ZGZU,3200,M,ZGOW,揭阳/潮汕,SWA,CIV,N233307,E1163012,16,M,-3.5,2019,,2700,M,0,,中南管理局,IFR-VFR,,N,Y,N,无,
3b7bac68-f144-4d1d-b212-b00494bd7a61,ZGZU,4000,M,ZGSD,珠海/金湾,ZUH,CIV,N220024,E1132236,6,M,-2,1992,,2700,M,0,,中南管理局,IFR-VFR,,N,N,N,无,
95fef9db-81da-4669-9569-8b747bd7d543,ZGZU,2800,M,ZGSG,韶关/丹霞,HSC,MILEXT,N245832,E1132519,86,M,-3.5,2021,,2100,M,2700,M,中南管理局,IFR-VFR,S，NS，G,N,N,Y,无,
114f9ffe-fb89-4434-9023-703fd0a2af7f,ZGZU,2600,M,ZGSY,邵阳/武冈,WGN,CIV,N264822,E1103828,461,M,-2.5,2016,,3000,M,3600,M,中南管理局,IFR-VFR,S，NS，G,N,N,N,,
470ea887-5428-4156-904c-b52c25ade611,ZGZU,3800,M,ZGSZ,深圳/宝安,SZX,CIV,N223821,E1134838,4,M,-2,2011,,2700,M,3300,M,中南管理局,IFR-VFR,S，NS，G,N,Y,N,无,
ffb8c033-9e09-4de8-9b42-2c1d3681ce69,ZGZU,450,M,ZGUH,珠海/九洲,ZUH,CIV,N221507,E1133525,4,M,-2,,,0,,0,,中南管理局,IFR-VFR,,N,N,,A1类通用机场,
04d6662b-854c-41c3-8b9d-6f88829b6934,ZGZU,2600,M,ZGWZ,梧州/西江,WUZ,CIV,N232411,E1110557,94,M,-3.1,2018,,3000,M,3600,M,中南管理局,IFR-VFR,S，NS，G,N,N,N,,
8a9a68c3-3445-4c2a-b682-cd0e91410174,ZGZU,2600,M,ZGXX,湘西/边城,DXJ,CIV,N282943,E1093111,710,M,-3.3,2021,,3000,M,3600,M,中南管理局,IFR-VFR,S，NS，G,N,N,N,,
26b08066-f75b-4ebb-8c0e-e68691b36738,ZGZU,600,M,ZGYJ,阳江/合山,,CIV,N215742,E1120609,11,M,-1,2002,0′28″,0,,0,,中南管理局,VFR,S，NS，G,N,N,,,
fb9b1024-8608-461f-9765-1a316816a6d9,ZGZU,2600,M,ZGYL,玉林/福绵,YLX,CIV,N222600,E1100713,140,M,-2.5,2019,,3000,M,3600,M,中南管理局,IFR-VFR,S，NS,N,N,N,,
bf69cc9e-555b-45e9-9a40-7bef8906c323,ZGZU,2600,M,ZGYY,岳阳/三荷,YYA,CIV,N291846,E1131655,76,M,-3.9,2017,,3000,M,3600,M,中南管理局,IFR-VFR,,N,N,N,,
d756d9f5-79db-427b-9a53-3bea83bb6f49,ZGZU,2540,M,ZGZH,柳州/白莲,LZH,MILEXT,N241228,E1092329,100,M,-1,1995,,2700,M,3300,M,中南管理局,IFR-VFR,S，NS，G,N,N,Y,,
ced90b6d-8d84-48fe-9b74-27d65de3d1db,ZGZU,3200,M,ZGZJ,湛江/吴川,ZHA,CIV,N212901,E1103538,21,M,-2.3,2021,,3000,M,3600,M,中南管理局,IFR-VFR,S，NS，G,N,Y,N,无,
28be0d9f-ae97-42fd-8fa0-42026dd34d8d,ZHWH,3600,M,ZHCC,郑州/新郑,CGO,CIV,N343110,E1135028,151,M,-4,,,3000,M,3600,M,中南管理局,IFR-VFR,S，NS，G,N,Y,N,,
e3430c20-be2c-4e7a-a5dc-7308bd090baa,ZHWH,3600,M,ZHEC,鄂州/花湖,EHU,CIV,N302034,E1150147,23,M,-4.8,2021,-6′57″,3000,M,3600,M,中南管理局,IFR-VFR,S，NS，G,N,Y,N,,
675a0f06-d79a-4e64-a628-3a82864a3298,ZHWH,2600,M,ZHES,恩施/许家坪,ENH,CIV,N301914,E1092907,495,M,-3,1993,,3000,M,3600,M,中南管理局,IFR-VFR,S，NS，G,N,Y,N,跑道中心坐标N301918E1092907,
071b4d2e-d247-4a5c-b5f6-a25771bddba0,ZHWH,3600,M,ZHHH,武汉/天河,WUH,CIV,N304701,E1141229,35,M,-4.9,2024,,3000,M,3600,M,中南管理局,IFR-VFR,S，NS，G,N,Y,N,,
4db09801-8c20-4646-b56b-77e4eb3054f0,ZHWH,2600,M,ZHJZ,荆州/沙市,SHS,CIV,N301734,E1122654,30,M,-4.3,2020,,3000,M,3600,M,中南管理局,IFR-VFR,S，NS，G,N,N,N,,
afb95f59-3da7-4be9-8e4a-df8cc4f9c894,ZHWH,2500,M,ZHLY,洛阳,LYA,CIV,N344429,E1122316,265,M,-4,2000,,3000,M,3600,M,中南管理局,IFR-VFR,S，NS，G,N,N,N,,
9527c8df-9bee-4e9c-9b68-7b5912fa3d00,ZHWH,2800,M,ZHNY,南阳/姜营,NNY,CIV,N325846,E1123650,126,M,-3.5,1992,,3000,M,3600,M,中南管理局,IFR-VFR,S，NS，G,N,N,N,,
c072cce7-5912-4bfe-bac9-3d3e8c96e2f3,ZHWH,2600,M,ZHQQ,安阳/红旗渠,HQQ,CIV,N355209,E1142756,106,M,-6,2022,,3000,M,3600,M,中南管理局,IFR-VFR,S，NS,N,N,N,,
c48a0f96-1f0a-483e-8318-165b66217280,ZHWH,2800,M,ZHSN,神农架/红坪,HPG,CIV,N313734,E1102024,2585,M,-3.4,2013,,4500,M,5100,M,中南管理局,IFR-VFR,S，NS，G,N,N,N,,
b9ce4f3e-0358-424d-ab07-9db06078f44c,ZHWH,2600,M,ZHSY,十堰/武当山,WDS,CIV,N323536,E1105422,325,M,-4.1,2021,,3000,M,3600,M,中南管理局,IFR-VFR,,N,N,N,无,
88d21c29-913a-4001-9fe0-3d2eb76ea718,ZHWH,2600,M,ZHXF,襄阳/刘集,XFN,CIV,N320905,E1121728,72,M,-4.5,2018,,3000,M,3600,M,中南管理局,IFR-VFR,S，NS，G,N,N,N,,
8e8ebf7c-5cac-480a-bde1-63599b0c1330,ZHWH,2700,M,ZHXY,信阳/明港,XAI,MILEXT,N323227,E1140445,97,M,-4.6,2017,-3′49″,1800,M,2400,M,中南管理局,IFR-VFR,,N,N,Y,,
45d1e0a3-c8f4-4c60-b69e-6ac6167dde45,ZHWH,3200,M,ZHYC,宜昌/三峡,YIH,CIV,N303323,E1112848,205,M,-4,2020,-0′12″,3000,M,3600,M,中南管理局,IFR-VFR,S，NS，G,N,Y,N,,
4ed28640-cfe3-4663-addc-9ee2e1af8ba7,ZJSA,3600,M,ZJHK,海口/美兰,HAK,CIV,N195605,E1102732,23,M,-2.1,2019,,3000,M,3600,M,中南管理局,IFR-VFR,S，NS，G,N,Y,N,,
0c4d8bce-1cbd-4aea-9349-40f53fe3a758,ZJSA,3200,M,ZJQH,琼海/博鳌,BAR,CIV,N190821,E1102715,16,M,-2.4,,1′,3000,M,3600,M,中南管理局,IFR-VFR,,N,Y,N,,
a6ed136c-0446-4198-8d00-444b7a55a2b9,ZJSA,3400,M,ZJSY,三亚/凤凰,SYX,CIV,N181811,E1092444,29,M,-2,2023,-4′44″,3000,M,3600,M,中南管理局,IFR-VFR,S，NS，G,N,Y,N,可为B747-400（含）同类以下机型提供备降服务,
309dc177-9e5f-490e-a43b-244f345c7134,ZJSA,2700,M,ZJYX,三沙/永兴,XYI,MILEXT,N165001,E1122042,4,M,-1.5,,,3000,M,3600,M,中南管理局,IFR-VFR,S，NS,N,N,Y,,
2d728e41-71ca-4ff2-a719-6ceb368940c4,ZLHW,2600,M,ZLAK,安康/富强,AKA,MILEXT,N324525,E1085224,371,M,-3.6,2020,-5′24″,3000,M,3600,M,西北管理局,IFR-VFR,S，NS，G,N,N,N,无,
8eaef33c-847b-4305-842c-2429855929df,ZLHW,3400,M,ZLDH,敦煌/莫高,DNH,CIV,N400942,E0944832,1125,M,0.7,2016,,3000,M,3600,M,西北管理局,IFR-VFR,S，NS，G,N,Y,N,无,
a0ceb06f-c588-4218-8b87-f5ac3fb4566e,ZLHW,3000,M,ZLDL,海西/德令哈,HXD,CIV,N370731,E0971607,2862,M,-0.6,2013,-2′7″,4800,M,5400,M,西北管理局,IFR-VFR,S，NS，G,N,N,N,无,
d4919565-6567-4f55-829d-b0ab3aff24c3,ZLHW,3800,M,ZLGL,果洛/玛沁,GMQ,CIV,N342507,E1001802,3788,M,-1.4,2015,,6000,M,6600,M,西北管理局,IFR-VFR,S，NS,N,N,N,无,
f3c81982-797c-42d9-93cc-039bf9c54bfb,ZLHW,4800,M,ZLGM,格尔木,GOQ,MILEXT,N362400,E0944711,2843,M,-0.4,2022,-3′38″,0,,0,,西北管理局,IFR-VFR,S，NS，G,N,N,,,
8e70a827-c545-485b-b9dd-21684623be14,ZLHW,2800,M,ZLGY,固原/六盘山,GYU,CIV,N360446,E1061259,1746,M,-2.8,,,4200,M,4800,M,西北管理局,IFR-VFR,S，NS，G,N,N,N,许可证可使用最大机型：A321、B737-800及同类,
aa35b2ba-94aa-41e1-a733-8bc5a43c9e54,ZLHW,3400,M,ZLHB,海北/祁连,HBQ,CIV,N380030,E1003841,3163,M,-1.4,2017,0.5′,6300,M,6900,M,西北管理局,IFR,S，NS，G,N,N,N,无,
0ac257ed-56be-410f-84e8-ab77a8662074,ZLHW,3600,M,ZLHX,海西/花土沟,HTT,CIV,N381156,E0905026,2905,M,1,2014,,5100,M,5700,M,西北管理局,IFR-VFR,,N,N,N,无,
71452511-12f4-4bd6-bde3-caedc01d6114,ZLHW,2500,M,ZLHZ,汉中/城固,HZG,MILEXT,N330802,E1071217,495,M,-3,2013,,2400,M,3600,M,西北管理局,IFR-VFR,,N,N,Y,无,
652944ff-923a-4bbb-a3ca-e98c5cee88b6,ZLHW,3600,M,ZLIC,银川/河东,INC,CIV,N381916,E1062332,1141,M,-2.8,2014,4′18″,3000,M,3600,M,西北管理局,IFR-VFR,S，NS，G,N,Y,N,,
2f65d965-a76f-4c61-a596-c8103d437894,ZLHW,3000,M,ZLJC,金昌/金川,JIC,CIV,N383232,E1022054,1442,M,-2,2011,,4200,M,4800,M,西北管理局,IFR-VFR,,N,N,N,,
43d18b9e-16d0-4e73-9fc0-739636da1290,ZLHW,3000,M,ZLJQ,嘉峪关/酒泉,JGN,CIV,N395125,E0982030,1560,M,-1.2,2023,-6′00″,4200,M,4800,M,西北管理局,IFR-VFR,S，NS，G,N,N,N,可用最大机型：B757-200及同类机型跑道中心坐标：N395134E0982018,
83ddd9da-d300-4dad-80f8-9624c8d9eb25,ZLHW,4000,M,ZLLL,兰州/中川,LHW,CIV,N363048,E1033715,1949,M,-3,2023,06′00″,4800,M,5400,M,西北管理局,IFR-VFR,S，NS，G,N,Y,N,,
76a16031-f3ef-45d5-ac04-ec18e7d1ced2,ZLHW,2800,M,ZLLN,陇南/成县,LNL,CIV,N334724,E1054720,1131,M,-2.7,2017,-1′54″,0,,0,,西北管理局,IFR-VFR,,N,N,,无,
1ffadd33-05c5-4657-b2b4-5b32da076778,ZLHW,2800,M,ZLQY,庆阳/西峰,IQN,CIV,N354811,E1073556,1413,M,-3.4,2023,,3000,M,3600,M,西北管理局,IFR-VFR,S，NS，G,N,N,N,,
2c70abc8-3218-46aa-bc6d-cb6beb185aa1,ZLHW,2800,M,ZLTS,天水/麦积山,THQ,MILEXT,N343337,E1055137,1095,M,-2,,,3000,M,3600,M,西北管理局,IFR-VFR,,N,N,N,无,
9a983ce5-d54f-4b71-9e44-18ab965b9983,ZLHW,3200,M,ZLXH,甘南/夏河,GXH,CIV,N344909,E1023719,3190,M,-1.4,,,0,,0,,西北管理局,IFR,,N,N,,无,
1c34ef0e-6c87-4612-9905-f57b3057da8c,ZLHW,3800,M,ZLXN,西宁/曹家堡,XNN,CIV,N363149,E1020222,2184,M,-2,2011,,4800,M,5400,M,西北管理局,IFR-VFR,S，NS，G,N,Y,N,无,
6fad1e4b-2a42-4791-9289-1e0996e3bf1f,ZLHW,3800,M,ZLXY,西安/咸阳,XIY,CIV,N342712,E1084504,483,M,-3.4,,,3000,M,3600,M,西北管理局,IFR-VFR,S，NS，G,N,Y,N,无,
418424e9-2e0f-4a8d-96aa-2f1716adf258,ZLHW,3000,M,ZLYA,延安/南泥湾,ENY,MILEXT,N362847,E1092751,1209,M,-3.7,2018,,3000,M,3600,M,西北管理局,IFR-VFR,S，NS，G,N,N,N,,
fa5989e5-3b60-497b-803f-b75b4ca64e6b,ZLHW,3200,M,ZLYL,榆林/榆阳,UYN,CIV,N382131,E1093530,1186,M,-3.5,,,3000,M,3600,M,西北管理局,IFR-VFR,S，NS，G,N,N,N,,
690462ed-c4b4-4ca3-8189-f447c6fadedc,ZLHW,3800,M,ZLYS,玉树/巴塘,YUS,CIV,N325011,E0970211,3905,M,-0.5,,,8100,M,8900,M,西北管理局,IFR-VFR,S，NS,N,N,N,,
4cdc5182-76ad-4b02-94c8-2710311633cb,ZLHW,2800,M,ZLZW,中卫/沙坡头,ZHY,CIV,N373424,E1050917,1246,M,-2.3,,,3300,M,3900,M,西北管理局,IFR-VFR,S，NS,Y,N,N,,
6bc89dab-5498-458f-bfe9-ffbc506079e4,ZLHW,3000,M,ZLZY,张掖/甘州,YZY,MILEXT,N384829,E1003940,1589,M,-1.4,2011,,4200,M,4800,M,西北管理局,IFR-VFR,,N,N,N,,
553ee848-5655-4d5a-b6b6-68c25df6c7a6,ZPKM,2400,M,ZPBS,保山/云瑞,BSD,CIV,N250307,E0991003,1665,M,-1.3,2022,-3′18″,4200,M,4800,M,西南管理局,IFR-VFR,S，NS,N,N,N,无,
f6308f99-2d39-44af-973b-ac11497c2d32,ZPKM,2600,M,ZPCW,沧源/佤山,CWJ,CIV,N231634,E0992224,1840,M,-0.5,,,4200,M,4800,M,西南管理局,IFR-VFR,,N,N,N,无,
94c574c9-df7a-45ec-a06c-12b97b00d1ac,ZPKM,2600,M,ZPDL,大理/凤仪,DLU,CIV,N253901,E1001907,2155,M,-1.5,2022,-3′36″,4200,M,4800,M,西南管理局,IFR-VFR,S，NS,Y,N,N,无,
19aba388-60a0-4718-9bec-ba1f7feecdbc,ZPKM,3600,M,ZPDQ,迪庆/香格里拉,DIG,CIV,N274723,E0994044,3288,M,-0.8,1999,,5400,M,6000,M,西南管理局,IFR-VFR,S，NS,N,N,N,无,
a22382e1-6f49-4e8e-889a-30ffbc1a8edf,ZPKM,2400,M,ZPJH,西双版纳/嘎洒,JHG,CIV,N215825,E1004545,553,M,-1,1986,,3600,M,4200,M,西南管理局,IFR-VFR,S，NS，G,N,Y,N,,
d9b1b2cf-e2fb-42d3-b9b0-8189d62050fd,ZPKM,2600,M,ZPJM,澜沧/景迈,JMJ,CIV,N222503,E0994703,1351,M,-0.6,2010,,4200,M,4800,M,西南管理局,IFR-VFR,S，NS，G,N,N,N,,
9c4667ef-87f3-4308-8f2a-6d004fd32dd9,ZPKM,2400,M,ZPLC,临沧/博尚,LNJ,CIV,N234421,E1000128,1897,M,-1.4,2021,-2′41″,4200,M,4800,M,西南管理局,IFR,,N,N,N,无,
303df0e3-4e9d-4230-841e-0ee3c2f4ebf3,ZPKM,3000,M,ZPLJ,丽江/三义,LJG,CIV,N264046,E1001444,2243,M,-1,,,6000,M,6600,M,西南管理局,IFR-VFR,S，NS，G,N,Y,N,无,
46b2d60c-3f13-43b3-ba23-7f6cd8552a58,ZPKM,2600,M,ZPMS,德宏/芒市,LUM,CIV,N242405,E0983155,877,M,-1.2,2022,-3.09′,4200,M,4800,M,西南管理局,IFR-VFR,S，NS,N,Y,N,无,
42ccf4c6-5219-48d5-b1a8-ec0ac1cc0851,ZPKM,3400,M,ZPNL,宁蒗/泸沽湖,NLH,CIV,N273225,E1004534,3293,M,-0.7,1968,,5700,M,0,,西南管理局,IFR-VFR,,N,N,Y,无,
0358a015-5213-4aaa-80da-d60c2d14f5fb,ZPKM,4500,M,ZPPP,昆明/长水,KMG,CIV,N250614,E1025635,2104,M,-1.8,2022,0.0′,5400,M,6000,M,西南管理局,IFR-VFR,S，NS，G,N,Y,N,无,
5061af96-6c74-404e-835e-bc692b2debbd,ZPKM,2500,M,ZPSM,普洱/思茅,SYM,MILEXT,N224737,E1005733,1300,M,-1.3,,-3′23″,3000,M,3600,M,西南管理局,IFR-VFR,S，NS,N,N,N,无,
59acb3f6-0ec8-4ae3-b530-fd4772f73720,ZPKM,2350,M,ZPTC,腾冲/驼峰,TCZ,CIV,N245617,E0982908,1888,M,-1.2,2022,-3°09′,4500,M,5100,M,西南管理局,IFR-VFR,S，NS,N,N,N,无,
57393ca4-eeb8-42eb-96ee-daf78e01d034,ZPKM,2400,M,ZPWS,文山/砚山,WNH,CIV,N233330,E1041932,1590,M,-1.9,2022,-4′05″,3000,M,3600,M,西南管理局,IFR-VFR,S，NS,N,N,N,无,
79eb8bb1-b63e-4f70-8091-fc45877ca3e6,ZPKM,2600,M,ZPZT,昭通,ZAT,MILEXT,N271940,E1034523,1936,M,-2.3,2022,-4′26″,4200,M,4800,M,西南管理局,IFR-VFR,S，NS,N,N,N,无,
c001533a-7050-4a89-a1d9-7596b491a107,ZSHA,3400,M,ZSAM,厦门/高崎,XMN,CIV,N243239,E1180740,18,M,-4.3,2024,-1′36″,3000,M,3600,M,华东管理局,IFR-VFR,S，NS，G,N,Y,N,,
f025ba85-2943-4c58-be40-cb9a5c9586b9,ZSHA,2800,M,ZSAQ,安庆,AQG,MILEXT,N303457,E1170302,18,M,-4,2001,1.06′,1500,M,1800,M,华东管理局,IFR-VFR,S，NS，G,N,N,Y,,
38997afd-49c1-452c-82d6-c3c90a9cbbce,ZSHA,2600,M,ZSBO,亳州,BZJ,CIV,N333337,E1155434,35,M,-6,2024,-5′00″,3000,M,3600,M,华东管理局,IFR-VFR,S，NS,N,N,N,,
183609ee-91be-4c0f-82f1-211501d777a4,ZSHA,3400,M,ZSCG,常州/奔牛,CZX,MILEXT,N315511,E1194641,7,M,-4,1985,,2100,M,2400,M,华东管理局,IFR-VFR,S，NS，G,N,Y,Y,,
dc8453ac-1e6a-4df1-adc2-bc45dc320b0f,ZSHA,3400,M,ZSCN,南昌/昌北,KHN,CIV,N285144,E1155405,44,M,-2.8,,,3000,M,3600,M,华东管理局,IFR-VFR,S，NS，G,N,Y,N,无,
190e020f-9b9c-4f86-ba82-94ca3a914182,ZSHA,3600,M,ZSDY,东营/胜利,DOY,CIV,N373032,E1184721,5,M,-6,,,3000,M,3600,M,华东管理局,IFR-VFR,S，NS，G,N,N,N,,
0a3fbf7d-e332-452c-872b-022266b020a4,ZHWH,2800,M,ZSFY,阜阳,FUG,CIV,N325255,E1154403,33,M,-5.7,2021,-6′7″,3000,M,3600,M,华东管理局,IFR-VFR,S，NS，G,N,N,N,,
66f8f4d1-62b8-4dc5-8b88-c6b3d934e982,ZSHA,3600,M,ZSFZ,福州/长乐,FOC,CIV,N255606,E1193949,14,M,-3.2,1996,,3000,M,3600,M,华东管理局,IFR-VFR,S，NS，G,N,Y,N,地处强磁区，磁差有波动，使用中应注意此因素,
ef93b2cf-7404-408e-9cd9-95f837ba02fc,ZSHA,2600,M,ZSGS,井冈山,JGS,MILEXT,N265127,E1144415,86,M,-2.1,,,1800,M,0,,华东管理局,IFR-VFR,S，NS，G,N,N,Y,,
08d12080-c74b-42bb-95db-8dab30673c9e,ZSHA,2600,M,ZSGZ,赣州/黄金,KOW,CIV,N255112,E1144645,135,M,-2.6,,,3000,M,3600,M,华东管理局,IFR-VFR,S，NS，G,N,N,N,无,
362b60af-077e-403f-9e7c-aa3b45452b8e,ZSHA,3600,M,ZSHC,杭州/萧山,HGH,CIV,N301346,E1202604,7,M,-5.7,2021,-4′45″,3000,M,3600,M,华东管理局,IFR-VFR,S，NS，G,N,Y,N,,
46600504-06ea-4448-8beb-b2a9db493403,ZSHA,2600,M,ZSHZ,菏泽/牡丹,HZA,CIV,N351249,E1154412,47,M,-6.2,2020,,3000,M,3600,M,华东管理局,IFR-VFR,S，NS，G,N,N,N,,
6fd5236a-e00d-49db-841f-502a01dd63f2,ZSHA,2400,M,ZSJD,景德镇/罗家,JDZ,CIV,N292020,E1171033,42,M,-3.1,1996,,0,,0,,华东管理局,IFR-VFR,S，NS，G,N,N,,无,
f1228b51-4976-471a-98c1-0b04f45547c4,ZSHA,2800,M,ZSJG,济宁/大安,JNG,CIV,N353850,E1164432,52,M,-6.5,2022,-4′09″,3000,M,3600,M,华东管理局,IFR-VFR,,N,N,N,跑道中心点坐标：N353850E1164436,
bf0c7e5a-322e-4188-ac5e-29f86124d573,ZSHA,2800,M,ZSJH,池州/九华山,JUH,CIV,N304425,E1174115,20,M,-4,2022,,3000,M,3600,M,华东管理局,IFR-VFR,S，NS，G,N,N,N,,
c5c7b7b8-92bc-4be9-b392-a50715607a8a,ZSHA,2800,M,ZSJJ,九江/庐山,JIU,MILEXT,N292838,E1154806,47,M,-3,,,3000,M,3600,M,华东管理局,IFR-VFR,,N,N,Y,,
c2fd8c51-213a-483a-8d95-75d00a7b1e28,ZSHA,3600,M,ZSJN,济南/遥墙,TNA,CIV,N365126,E1171258,23,M,-6.3,2018,-5′22″,3000,M,3600,M,华东管理局,IFR-VFR,S，NS，G,N,Y,N,,
42fddd58-1ff8-4378-a7d7-257e3d411bb3,ZSHA,2600,M,ZSJU,衢州,JUZ,MILEXT,N285800,E1185357,64,M,-4,2013,-1.02′,3000,M,3600,M,华东管理局,IFR-VFR,S，NS，G,N,N,Y,,
5539dc34-a688-4193-aa23-c5f6441ce403,ZSHA,2800,M,ZSLG,连云港/花果山,LYG,CIV,N342447,E1191043,6,M,-6.5,2019,,3000,M,3600,M,华东管理局,IFR-VFR,S，NS，G,N,Y,N,无,
618d3ec9-cde3-4fc8-9c01-2eee7cdcac8f,ZSHA,2800,M,ZSLI,丽水,LIJ,CIV,N282215,E1195007,162,M,-5.6,2024,5′50″,3000,M,3600,M,华东管理局,IFR-VFR,S，NS,N,N,N,,
c5327936-1fd8-4043-b3ac-f93a89998ff1,ZSHA,2400,M,ZSLO,连城/冠豸山,LCX,MILEXT,N254035,E1164447,374,M,-3,,,0,,3600,M,华东管理局,IFR-VFR,S，NS，G,N,N,,,
e2a96206-2289-4316-bbe4-bbcd82dcb2b4,ZSHA,2500,M,ZSLQ,台州/路桥,HYN,MILEXT,N283345,E1212544,4,M,-5.5,2021,-4′57″,3000,M,3300,M,华东管理局,IFR-VFR,S，NS，G,N,N,Y,,
be947d90-1b50-4475-8e62-4809c86e532e,ZSHA,3200,M,ZSLY,临沂/启阳,LYI,CIV,N350257,E1182443,68,M,-6.4,2022,-4′34″,3000,M,3600,M,华东管理局,IFR-VFR,S，NS，G,N,Y,N,,
2b1c8d73-a0ac-4abc-a09c-5e59d48cdb56,ZSHA,3200,M,ZSNB,宁波/栎社,NGB,CIV,N294930,E1212754,4,M,-6,,-05′06″,3000,M,3600,M,华东管理局,IFR-VFR,S，NS，G,N,Y,N,,
a495f2fd-e84e-4b35-ad1e-b35ef1b10598,ZSHA,3600,M,ZSNJ,南京/禄口,NKG,CIV,N314432,E1185143,15,M,-6.3,2021,-6′47″,3000,M,3600,M,华东管理局,IFR-VFR,S，NS，G,N,Y,N,,
88e0256c-8183-4a38-b9e6-0b7ec75319ff,ZSHA,3400,M,ZSNT,南通/兴东,NTG,CIV,N320411,E1205849,5,M,-5,1992,,3000,M,3600,M,华东管理局,IFR-VFR,S，NS，G,N,Y,N,,
1089615b-7aa4-47b8-aa7f-e9ac4d32b3d5,ZSHA,3400,M,ZSOF,合肥/新桥,HFE,CIV,N315918,E1165836,64,M,-4,2001,-0.5′,3000,M,3600,M,华东管理局,IFR-VFR,S，NS，G,N,Y,N,,
7f2f7f13-5f52-48c4-9bbe-119322dbb2ec,ZSHA,4000,M,ZSPD,上海/浦东,PVG,CIV,N310839,E1214733,4,M,-5.8,2017,-0′42″,3000,M,3600,M,华东管理局,IFR-VFR,S，NS，G,N,Y,N,,
28ed296b-b03c-4115-bb22-368bc71df92c,ZSHA,3600,M,ZSQD,青岛/胶东,TAO,CIV,N362157,E1200557,9,M,-7.3,2019,-4′07″,3000,M,3600,M,华东管理局,IFR-VFR,S，NS,N,Y,N,,
1d8799e3-3963-405e-9de4-342175c7756d,ZSHA,2600,M,ZSQZ,泉州/晋江,JJN,MILEXT,N244750,E1183521,6,M,-4.5,2024,-2.1′,900,M,3600,M,华东管理局,IFR-VFR,S，NS，G,N,Y,Y,,
ba1c89cc-b80c-4125-ad39-9905bb1144ff,ZSHA,2600,M,ZSRJ,赣州/瑞金,JRJ,CIV,N255739,E1160440,230,M,-4.3,2024,,3000,M,3600,M,华东管理局,IFR-VFR,S，NS，G,N,N,N,,
bf783424-3d96-4029-aeb7-ec53a9cb7a80,ZSHA,2600,M,ZSRZ,日照/山字河,RIZ,CIV,N352420,E1191925,50,M,-6.5,2015,,3000,M,3600,M,华东管理局,IFR-VFR,,N,N,N,,
e8dffc32-b54b-4d0a-8d7d-191ff7d35e29,ZSHA,2800,M,ZSSH,淮安/涟水,HIA,CIV,N334727,E1190730,11,M,-5,2010,-0.45′,3000,M,3600,M,华东管理局,IFR-VFR,S，NS，G,N,Y,N,,
6a97a5d6-84b5-4520-b0d5-b2805dc9f3d2,ZSHA,2600,M,ZSSM,三明/沙县,SQJ,CIV,N262535,E1175001,283,M,-3.6,2015,,3000,M,3600,M,华东管理局,IFR-VFR,,N,N,N,,
08fa39fc-ab14-49a7-959f-aa15e25b1847,ZSHA,2400,M,ZSSR,上饶/三清山,SQD,CIV,N282247,E1175751,110,M,-4.4,2015,,3000,M,3600,M,华东管理局,IFR-VFR,,N,N,N,,
55689794-cd9c-4da5-9569-34a70ea6cadb,ZSHA,3400,M,ZSSS,上海/虹桥,SHA,CIV,N311152,E1212011,3,M,-5.8,2017,-0′42″,3000,M,3600,M,华东管理局,IFR-VFR,S，NS，G,N,Y,N,,
e3680d29-0bf5-420a-9e3a-a7c2b5ffd053,ZSHA,2600,M,ZSTX,黄山/屯溪,TXN,CIV,N294401,E1181522,134,M,-4.7,2016,,3000,M,3600,M,华东管理局,IFR-VFR,S，NS，G,N,Y,N,,
8cbeb338-dc21-49b2-ae1b-5a7f25d813e0,ZSHA,2800,M,ZSWA,芜湖/宣州,WHA,CIV,N310615,E1184000,24,M,-5.5,2020,,1800,M,0,,华东管理局,IFR-VFR,S，NS，G,N,N,N,,
f31f9b1b-5103-4a3f-bf28-4a85b1f4cc5c,ZSHA,2600,M,ZSWF,潍坊,WEF,MILEXT,N363849,E1190707,47,M,-6,,,1500,M,1800,M,华东管理局,IFR-VFR,S，NS，G,N,N,Y,,
7b8aa0ba-8379-451c-8c20-177e3fe5c443,ZSHA,2600,M,ZSWH,威海/大水泊,WEH,MILEXT,N371113,E1221344,45,M,-7.2,2011,-1.85′,1500,M,2100,M,华东管理局,IFR-VFR,S，NS，G,N,Y,Y,,
87fbd6e7-9588-4825-9910-400de7bb16fa,ZSHA,3200,M,ZSWX,无锡/硕放,WUX,MILEXT,N312941,E1202546,5,M,-5.2,,,1800,M,9999,M,华东管理局,IFR-VFR,S，NS，G,N,Y,Y,迫降地带位于跑道东侧，3200m×100m，土质。南端掉头坪，长247.4m，最大宽度88m。,
297a3a4f-311e-436d-aa27-2e4a3576f4cf,ZSHA,2400,M,ZSWY,武夷山,WUS,MILEXT,N274203,E1180001,196,M,-3,,,0,,3600,M,华东管理局,IFR-VFR,S，NS，G,N,N,,,
cbf1b2d5-6220-4d0d-9daa-e82676acd3b2,ZSHA,3200,M,ZSWZ,温州/龙湾,WNZ,CIV,N275431,E1205108,5,M,-5.5,2021,-5′48″,3000,M,3600,M,华东管理局,IFR-VFR,S，NS，G,N,Y,N,,
41217d79-0910-4519-9366-1f53e0acb3c9,ZSHA,3400,M,ZSXZ,徐州/观音,XUZ,CIV,N340334,E1173323,35,M,-5,,-0.96′,3000,M,3600,M,华东管理局,IFR-VFR,S，NS，G,N,Y,N,无,
ab24706a-6d39-440e-840c-874d6ff68879,ZSHA,3200,M,ZSYA,扬州/泰州,YTY,CIV,N323348,E1194311,5,M,-6.4,2018,,0,,0,,华东管理局,IFR-VFR,S，NS，G,N,Y,,,
0dbf6857-e549-4e34-92e9-fc5114a7a9bc,ZSHA,2400,M,ZSYC,宜春/明月山,YIC,CIV,N274809,E1141823,145,M,-2.4,2012,,3000,M,3600,M,华东管理局,IFR-VFR,S，NS，G,N,N,N,,
7eeed95f-9af8-4523-8025-56597bd044db,ZSHA,2800,M,ZSYN,盐城/南洋,YNZ,MILEXT,N332534,E1201212,3,M,-5,,1′,1200,M,1800,M,华东管理局,IFR-VFR,S，NS，G,N,Y,N,,
d9755fff-300d-4015-9010-c0b20ae04234,ZSHA,3400,M,ZSYT,烟台/蓬莱,YNT,CIV,N373938,E1205845,47,M,-8.3,2021,,2700,M,3300,M,华东管理局,IFR-VFR,S，NS，G,N,Y,N,,
0c6d1625-b746-4e95-9a7d-3ffcdc02e72e,ZSHA,3000,M,ZSYW,义乌,YIW,MILEXT,N292041,E1200156,83,M,-5.3,2017,-5′48″,1800,M,0,,华东管理局,IFR-VFR,S，NS，G,N,Y,Y,,
11819abb-a1ae-4ca0-9254-36a7730ff374,ZSHA,2500,M,ZSZS,舟山/普陀山,HSN,CIV,N295602,E1222144,2,M,-4,1980,-5′08″,3000,M,3600,M,华东管理局,IFR-VFR,S，NS，G,N,Y,N,无,
52661959-9f1b-421b-961a-f699e4d0a86e,ZWUQ,4500,M,ZUAL,阿里/昆莎,NGQ,MILEXT,N320600,E0800311,4274,M,0.8,2009,,6900,M,7500,M,西南管理局,IFR,S,N,N,N,,
78008895-0bde-44d9-8aa3-c0a3a82e643c,ZPKM,2800,M,ZUAS,安顺/黄果树,AVA,CIV,N261538,E1055224,1466,M,-1,2015,,3000,M,3600,M,西南管理局,IFR-VFR,S，NS,N,N,N,,
a452acd9-a162-4080-843d-9a9a58b8e2eb,ZPKM,4500,M,ZUBD,昌都/邦达,BPX,MILEXT,N303321,E0970624,4333,M,-0.7,,-1′56″,6900,M,7500,M,西南管理局,IFR-VFR,S，NS,N,N,N,无,
142e7b0d-f177-40ec-ac39-463612ade4bf,ZPKM,2600,M,ZUBJ,毕节/飞雄,BFJ,CIV,N271601,E1052818,1468,M,-1.9,2012,,4200,M,4800,M,西南管理局,IFR-VFR,,N,N,N,无,
db3658e9-ed96-4140-8e7f-8c06e68840c1,ZPKM,2600,M,ZUBZ,巴中/恩阳,BZX,CIV,N314416,E1063834,555,M,-2.7,,,3000,M,3600,M,西南管理局,IFR-VFR,,N,N,N,,
712a4e10-d968-4926-84d7-96f18a286a6c,ZPKM,3800,M,ZUCK,重庆/江北,CKG,CIV,N294308,E1063829,416,M,-2.9,2024,,3000,M,3600,M,西南管理局,IFR-VFR,S，NS，G,N,Y,N,无,
4c1adaf0-29af-460a-858f-e7478559568d,ZPKM,2600,M,ZUDA,达州/金垭,DZH,CIV,N310255,E1072610,416,M,-2.9,2021,-2.5′,3000,M,3600,M,西南管理局,IFR-VFR,,N,N,N,,
0f3ae9cd-f3bd-4e1e-a48d-67f7fd2a83f3,ZPKM,4200,M,ZUDC,稻城/亚丁,DCY,CIV,N291900,E1000337,4411,M,-1,1968,,6300,M,6900,M,西南管理局,IFR-VFR,,N,N,N,无,
9f5107af-e32e-48a8-94c9-9b7b7e5e5e23,ZPKM,4500,M,ZUDR,日喀则/定日,DDR,CIV,N283618,E0864751,4317,M,0.3,2021,-0′56″,7500,M,8100,M,西南管理局,IFR,,N,N,N,,
2b5ce5f9-0f17-4000-95a9-80d8f481780e,ZPKM,2200,M,ZUGH,广汉,GHN,CIV,N305655,E1041946,467,M,-1.5,1982,,3000,M,3600,M,西南管理局,IFR-VFR,,N,N,N,无,
be4559c3-ffec-4efe-b4a4-b1dd3574ad4c,ZPKM,2500,M,ZUGU,广元/盘龙,GYS,CIV,N322325,E1054138,627,M,-2,,,3000,M,3600,M,西南管理局,IFR-VFR,S，NS,N,N,N,无,
dc05bdbe-6d46-4e3e-a6e9-8616d5269893,ZPKM,4000,M,ZUGY,贵阳/龙洞堡,KWE,CIV,N263218,E1064804,1139,M,-1.8,2020,4′,3000,M,3600,M,西南管理局,IFR-VFR,S，NS，G,N,Y,N,无,
2abad141-dd7a-4ab4-90a4-549768232ba4,ZPKM,4000,M,ZUGZ,甘孜/格萨尔,GZG,CIV,N314522,E0993325,4067,M,-1.1,2018,-6″,7200,M,7800,M,西南管理局,IFR-VFR,,N,N,N,无,
43ed76dd-9b85-4334-8944-8a79a9718775,ZPKM,3600,M,ZUHY,阿坝/红原,AHJ,CIV,N323154,E1022108,3540,M,-2.2,2021,,6300,M,6900,M,西南管理局,IFR-VFR,,N,N,N,无,
08178db3-a2f2-4728-87fe-cd8b48f3d5dc,ZPKM,3370,M,ZUJZ,九寨/黄龙,JZH,CIV,N325110,E1034055,3448,M,-1.5,2003,,6000,M,6600,M,西南管理局,IFR,S，NS,N,N,N,无,
f1bf025a-ccfd-4c12-a65f-2fafd9720ed0,ZPKM,4000,M,ZUKD,康定,KGT,CIV,N300835,E1014419,4236,M,-1.9,2021,,6900,M,7500,M,西南管理局,IFR-VFR,S，NS,N,N,N,无,
dd6eb73a-7bae-4d0e-b4bb-941af6f06d8b,ZPKM,2600,M,ZUKJ,凯里/黄平,KJH,CIV,N265819,E1075917,917,M,-2.9,2024,-7′53″,3000,M,3600,M,西南管理局,IFR-VFR,,N,N,N,无,
64aecf69-d71b-4b49-b19f-115565c69378,ZPKM,2600,M,ZULA,阆中/古城,LZG,CIV,N313009,E1060205,450,M,-2.4,2022,,3000,M,3600,M,西南管理局,IFR-VFR,,N,N,N,,
9fdda03b-904c-4067-a944-ef9c7b675f76,ZGZU,2600,M,ZULB,黔南/荔波,LLB,CIV,N252704,E1075745,825,M,-2.7,2023,1″,3000,M,3600,M,西南管理局,IFR-VFR,S，NS,N,N,N,,
4d7612a2-99cc-4962-8b95-98ae7d9482a8,ZPKM,4000,M,ZULS,拉萨/贡嘎,LXA,MILEXT,N291753,E0905444,3571,M,-0.3,2022,-2′17″,7500,M,8100,M,西南管理局,IFR-VFR,S，NS,N,Y,N,,
da14090e-0d0b-4f4f-b564-41b2079d88ba,ZPKM,2800,M,ZULZ,泸州/云龙,LZO,MILEXT,N290150,E1052808,336,M,-2.2,2018,-0′30″,3000,M,3600,M,西南管理局,IFR-VFR,S，NS,N,N,N,,
495ce057-b7eb-4b2f-b264-146294551d16,ZPKM,2600,M,ZUMT,遵义/茅台,WMT,CIV,N275745,E1062608,1242,M,-2.8,2022,-4′50″,3000,M,3600,M,西南管理局,IFR-VFR,,N,N,N,,
72c95c5d-b0dd-4f4f-a93b-b25d55907166,ZPKM,2400,M,ZUMY,绵阳/南郊,MIG,MILEXT,N312548,E1044423,519,M,-2.6,2021,-3′11″,3000,M,3600,M,西南管理局,IFR-VFR,S，NS,N,N,N,,
e972e3a9-02cb-4391-b6e1-f6159fc4234b,ZPKM,2800,M,ZUNC,南充/高坪,NAO,MILEXT,N304753,E1060952,354,M,-1.5,2012,,3000,M,3600,M,西南管理局,IFR-VFR,S，NS,N,N,N,无,
4529263a-48d5-4b1f-b93f-8946370a13d3,ZGZU,2200,M,ZUNP,黔东南/黎平,HZH,CIV,N261920,E1090900,485,M,-1.6,1980,,3000,M,3600,M,西南管理局,IFR-VFR,S，NS,N,N,N,无,
74b2752f-e624-409e-ba5e-d8b88830b6be,ZPKM,3000,M,ZUNZ,林芝/米林,LZY,MILEXT,N291813,E0942006,2950,M,1,2010,,7200,M,7800,M,西南管理局,IFR-VFR,S，NS,N,N,N,可保障B757（含）及以下机型,
196e1ef2-8490-461a-9067-3bc357ebe700,ZWUQ,4500,M,ZUPL,阿里/普兰,APJ,CIV,N302352,E0810759,4255,M,1.3,2023,,6900,M,7500,M,西南管理局,IFR,S，NS,N,N,N,,
d068d657-4592-4fb1-9783-ecc48d00f2b2,ZPKM,2800,M,ZUPS,六盘水/月照,LPF,CIV,N263632,E1045842,1975,M,-1.5,1977,,4200,M,4800,M,西南管理局,IFR-VFR,,N,N,N,无,
61c6fdb1-3613-4a5d-a9d9-079f848f73e3,ZPKM,2400,M,ZUQJ,黔江/武陵山,JIQ,CIV,N293053,E1084954,632,M,-3.4,2022,-6′16″,3000,M,3600,M,西南管理局,IFR-VFR,S，NS,N,N,N,无,
92c05345-7451-4f30-a44e-d125699eccad,ZPKM,5000,M,ZURK,日喀则/和平,RKZ,MILEXT,N292107,E0891838,3801,M,0.5,,,7500,M,8100,M,西南管理局,IFR,,N,N,N,无,
3708afe9-5024-46d9-b71b-a5e2fcc81d52,ZPKM,4500,M,ZUSH,山南/隆子,LGZ,CIV,N282521,E0922053,3951,M,-0.3,2022,,7500,M,8100,M,西南管理局,IFR,,N,N,N,无,
1fe0c9f4-3eb3-4b1f-bd25-14d06d14586d,ZPKM,4000,M,ZUTF,成都/天府,TFU,CIV,N301728,E1042641,443,M,-2.3,2020,,3000,M,3600,M,西南管理局,IFR-VFR,S，NS,N,Y,N,无,
14f641f9-5ff9-4e76-adb4-3ab55d09dc21,ZPKM,2600,M,ZUTR,铜仁/凤凰,TEN,CIV,N275303,E1091834,705,M,-1.9,2014,,3000,M,3600,M,西南管理局,IFR-VFR,S，NS,N,N,N,无,
8e86ab32-be59-4492-a9a3-9a2e8d4a8c09,ZPKM,3600,M,ZUUU,成都/双流,CTU,CIV,N303443,E1035649,512,M,-2.2,,-5′00″,3000,M,3600,M,西南管理局,IFR-VFR,S，NS，G,N,Y,N,无,
c1c1c82e-a0bb-42c2-ac24-39a8c7ece4ed,ZPKM,2800,M,ZUWL,重庆/仙女山,CQW,CIV,N292750,E1074136,1745,M,-2.7,2000,-2′02″,3000,M,3600,M,西南管理局,IFR-VFR,S，NS，G,N,N,N,,
6fe03eee-89ed-4340-95c2-f3cf9b24f786,ZHWH,2600,M,ZUWS,重庆/巫山,WSK,CIV,N310408,E1094233,1772,M,-3.6,2018,,4200,M,4800,M,西南管理局,IFR-VFR,,N,N,N,,
db0f2453-a39f-478a-8c8f-680a262a9104,ZPKM,2800,M,ZUWX,万州/五桥,WXN,CIV,N304806,E1082559,572,M,-3.4,2021,-5′4″,3000,M,3600,M,西南管理局,IFR-VFR,S，NS,N,N,N,,
a457a189-b3a7-48f1-b8cb-0e0f95646d03,ZPKM,3600,M,ZUXC,西昌/青山,XIC,MILEXT,N275920,E1021103,1559,M,-1.2,2014,,4800,M,5400,M,西南管理局,IFR-VFR,S，NS，G,N,Y,N,无,
52c19403-b30d-4e69-8449-94b894e6675a,ZPKM,1200,M,ZUXJ,新津,,CIV,N302516,E1035040,461,M,-1.2,1980,,3000,M,3600,M,西南管理局,VFR,,N,N,N,,
738ddc26-90eb-40d5-a4f7-ead27891853a,ZPKM,2600,M,ZUYB,宜宾/五粮液,YBP,MILEXT,N285130,E1043136,423,M,-2,2019,,3000,M,3600,M,西南管理局,IFR-VFR,S，NS，G,N,N,N,无,
8bec1897-ecc4-40cd-be70-6b540c34f519,ZPKM,2800,M,ZUYI,兴义/万峰林,ACX,CIV,N250512,E1045734,1255,M,-2,2022,-2′48″,3000,M,3600,M,西南管理局,IFR-VFR,S，NS,N,N,N,无,
9b157e2e-de5f-4744-9b82-413641b54200,ZPKM,2800,M,ZUZH,攀枝花/保安营,PZI,CIV,N263224,E1014755,1980,M,-0.7,1972,,4200,M,4800,M,西南管理局,IFR-VFR,S，NS,N,N,N,无,
3b0487b3-90f9-46c6-b76d-483f59aa1891,ZPKM,2800,M,ZUZY,遵义/新舟,ZYI,MILEXT,N274840,E1071446,830,M,-0.9,2011,,3000,M,3600,M,西南管理局,IFR-VFR,,N,N,N,,
bbe087cd-12a3-4ca9-ae45-44f587e514f4,ZWUQ,2800,M,ZWAK,阿克苏/红旗坡,AKU,MILEXT,N411547,E0801722,1170,M,4,,,1800,M,3600,M,新疆管理局,IFR-VFR,S，NS，G,N,N,Y,无,
7381c588-7558-49ef-a87c-7d7a038a12e4,ZWUQ,2500,M,ZWAL,阿拉尔/塔里木,ACF,CIV,N402609,E0811551,1019,M,3.6,2021,0′48″,3000,M,3600,M,新疆管理局,IFR-VFR,,N,N,N,,
83ac3053-a7c0-4624-a651-04f44dea0eee,ZWUQ,2800,M,ZWAT,阿勒泰/雪都,AAT,CIV,N474501,E0880504,760,M,4.1,2017,,3000,M,3600,M,新疆管理局,IFR-VFR,S，NS，G,N,N,N,无,
7059fd42-e333-42a4-afe7-83e03916827c,ZWUQ,2600,M,ZWBL,博乐/阿拉山口,BPL,CIV,N445344,E0821800,398,M,4.5,2009,,3000,M,3600,M,新疆管理局,IFR-VFR,S，NS,N,N,N,无,
4e5d49e6-4c1f-4a7a-baaf-c91ce9a5c6f3,ZWUQ,2800,M,ZWCM,且末/玉都,IQM,MILEXT,N381401,E0852752,1220,M,1.6,2014,,1800,M,3600,M,新疆管理局,IFR-VFR,S，NS，G,N,N,Y,,
ad46836f-7173-49e9-b1e1-a05c0fa4f440,ZWUQ,2600,M,ZWFY,富蕴/可可托海,FYN,MILEXT,N464815,E0893044,940,M,3.2,2013,,2100,M,3600,M,新疆管理局,IFR-VFR,,Y,N,Y,,
306f1001-75f0-41c8-9a58-1fb9dee93fc8,ZWUQ,3000,M,ZWHJ,和静/巴音布鲁克,HJB,CIV,N425837,E0835948,2507,M,3.4,2021,1′00″,5400,M,6000,M,新疆管理局,IFR-VFR,S，NS，G,N,N,N,,
565bc2ce-9a26-475f-962e-3a42df3b0faf,ZWUQ,2800,M,ZWHM,哈密/伊州,HMI,MILEXT,N425030,E0934007,833,M,0.9,2021,1′12″,2400,M,3600,M,新疆管理局,IFR-VFR,S，NS,N,N,Y,,
51919ca6-7ab7-4f9a-8093-351e2a119032,ZWUQ,2800,M,ZWHZ,石河子/花园,SHF,CIV,N441431,E0855326,518,M,3.4,2015,,3000,M,3600,M,新疆管理局,IFR-VFR,S，NS,N,N,N,,
4e26acc8-5d61-4f96-b84b-028c82293a8d,ZWUQ,2600,M,ZWKC,库车/龟兹,KCA,CIV,N414040,E0825222,1039,M,3.4,2009,,3000,M,3600,M,新疆管理局,IFR-VFR,,N,N,N,,
5fff68f1-458e-42f9-9ba6-84390ffc6a8d,ZWUQ,2800,M,ZWKL,库尔勒/梨城,KRL,MILEXT,N413654,E0860830,926,M,2.5,2021,,2100,M,3600,M,新疆管理局,IFR-VFR,S，NS，G,N,N,Y,,
e1afb43d-2eca-4708-a994-9b9d8a0d8020,ZWUQ,2300,M,ZWKM,克拉玛依/古海,KRY,CIV,N452800,E0845710,275,M,3.9,2021,-0′48″,3000,M,3600,M,新疆管理局,IFR-VFR,S，NS，G,N,N,N,,
31632232-e57b-4eaa-9f85-150ac495dc68,ZWUQ,2500,M,ZWKN,布尔津/喀纳斯,KJI,CIV,N481321,E0865945,1196,M,4.7,,,3000,M,3600,M,新疆管理局,IFR-VFR,S，NS,N,N,N,,
4ebf1cb8-bd86-4b42-a53f-cec0a60a64dd,ZWUQ,3000,,ZWLK,巴里坤/大河,DHH,CIV,N434522,E0930817,1734,M,0.7,2022,-4′38″,4200,M,4800,M,新疆管理局,IFR-VFR,S，NS，G,N,N,N,,
870b482c-426b-499f-acec-ae64f0b976d5,ZWUQ,2300,M,ZWNL,新源/那拉提,NLT,CIV,N432554,E0832239,937,M,3.7,2021,1′21″,3000,M,3600,M,新疆管理局,IFR-VFR,S，NS，G,N,N,N,,
85660c30-fefe-450b-b6d0-ede623534ba9,ZWUQ,2800,M,ZWQT,奇台/江布拉克,JBK,CIV,N440958,E0893311,663,M,2.3,2021,,3000,M,3600,M,新疆管理局,IFR-VFR,S，NS，G,N,N,N,,
3d4c42a3-110c-4816-b677-6b7aaf6ab670,ZWUQ,2800,M,ZWRQ,若羌/楼兰,RQA,CIV,N385829,E0880030,895,M,1.8,2017,3′,3000,M,3600,M,新疆管理局,IFR-VFR,,N,N,N,无,
453368ad-e9e4-401e-8733-65445594c3a5,ZWUQ,3000,M,ZWSC,莎车/叶尔羌,QSZ,CIV,N381439,E0770325,1303,M,3.6,2021,,4200,M,4800,M,新疆管理局,IFR-VFR,,N,N,N,无,
37de0e1f-be9f-4baf-8d7a-83c155feaa3b,ZWUQ,3200,M,ZWSH,喀什/徕宁,KHG,MILEXT,N393233,E0760112,1380,M,4.1,2021,,3000,M,4800,M,新疆管理局,IFR-VFR,S，NS，G,Y,Y,Y,无,
bce240e0-0054-44f8-8386-9b45aea9c1e6,ZWUQ,2800,M,ZWTC,塔城/千泉,TCG,CIV,N464015,E0832045,613,M,4.8,2017,1″,3000,M,3600,M,新疆管理局,IFR-VFR,S，NS，G,N,N,N,无,
91b319e4-c0df-45dd-b4aa-de0d8c1f36b5,ZWUQ,3800,M,ZWTK,塔什库尔干/红其拉甫,HQL,MILEXT,N373941,E0751720,3258,M,3.6,2021,1′00″,7200,M,7800,M,新疆管理局,IFR-VFR,S,N,N,N,无,
9e101ac9-9de8-4f24-8f36-d750208c8913,ZWUQ,3200,M,ZWTL,吐鲁番/交河,TLQ,CIV,N430151,E0890556,282,M,1.9,2021,,3000,M,3600,M,新疆管理局,IFR-VFR,,N,N,N,无,
8a4a3ef4-bf1f-465e-84a0-bb8493a75b6a,ZWUQ,3800,M,ZWTN,和田/昆冈,HTN,MILEXT,N370218,E0795150,1447,M,2.5,2022,36″,2700,M,4800,M,新疆管理局,IFR-VFR,S，NS，G,N,Y,Y,无,
cbf92553-1c7f-4fba-beae-040c329473fe,ZWUQ,3000,M,ZWTS,图木舒克/唐王城,TWC,CIV,N395318,E0791404,1091,M,3.6,2023,,3000,M,3600,M,新疆管理局,IFR-VFR,S，NS，G,N,N,N,无,
804ad349-1340-4d08-a642-87f7c7f16b34,ZWUQ,3600,M,ZWWW,乌鲁木齐/天山,URC,CIV,N435426,E0872827,648,M,2.5,2024,-2′58″,3000,M,3600,M,新疆管理局,IFR-VFR,S，NS，G,N,Y,N,无,
39a5eca1-72c4-49fd-8ca6-13e73a281fdd,ZWUQ,2400,M,ZWYN,伊犁/伊宁,YIN,CIV,N435722,E0811950,684,M,4.2,2021,1′,3000,M,3600,M,新疆管理局,IFR-VFR,S，NS，G,N,N,N,,
317a80e1-ee52-467c-bf0e-a0a66fa9124a,ZWUQ,3200,M,ZWYT,于田/万方,YTW,MILEXT,N364831,E0814700,1446,M,2.3,2019,,2700,M,4800,M,新疆管理局,IFR-VFR,S，NS，G,N,N,Y,无,
a4432488-076a-4b8d-92de-ed09d27d8a72,ZWUQ,2800,M,ZWZS,昭苏/天马,ZFL,CIV,N430518,E0811328,1739,M,4.2,2021,-1′12″,4200,M,4800,M,新疆管理局,IFR-VFR,S，NS，G,N,N,N,无,
cbb60551-9db9-4708-9ef2-e3a647e47a55,ZYSH,2800,M,ZYAS,鞍山/腾鳌,AOG,MILEXT,N410622,E1225113,17,M,-8.7,2020,,0,,0,,东北管理局,IFR-VFR,,N,N,,,
19ff3a96-a08e-43ae-bb22-db3e439d3f60,ZYSH,2500,M,ZYBA,白城/长安,DBC,CIV,N453019,E1230111,146,M,-9.5,,,0,,0,,东北管理局,IFR-VFR,,N,N,,无,
a388f183-3d87-440d-bd12-0d8f87f5b031,ZYSH,2600,M,ZYBS,白山/长白山,NBS,CIV,N420401,E1273608,882,M,-8.5,1990,,3000,M,3600,M,东北管理局,IFR-VFR,S，NS,N,N,N,,
a3e8b9bb-2752-4c28-a890-bdedb0272fca,ZYSH,3200,M,ZYCC,长春/龙嘉,CGQ,CIV,N435951,E1254113,215,M,-10.7,2024,-5′12″,3000,M,3600,M,东北管理局,IFR-VFR,S，NS，G,N,Y,N,,
e35b3486-8392-4810-b35d-52c0b4691c56,ZYSH,800,M,ZYCH,长海,CNI,CIV,N391559,E1224001,35,M,-6.8,,,900,M,1500,M,东北管理局,IFR-VFR,,N,N,N,,
f2cebe84-3c5c-4227-8745-7a118a680bb6,ZYSH,2150,M,ZYCY,朝阳,CHG,CIV,N413218,E1202604,173,M,-7,,,3000,M,3600,M,东北管理局,IFR-VFR,S，NS，G,N,N,N,,
ff775598-94b8-47a5-a5da-03ea3880adbc,ZYSH,2600,M,ZYDD,丹东/浪头,DDG,MILEXT,N400132,E1241713,10,M,-8.2,2007,,0,M,0,M,东北管理局,IFR-VFR,S，NS，G,N,N,Y,,
057f3954-1479-4ed6-9191-deedfdef1c70,ZYSH,2600,M,ZYDQ,大庆/萨尔图,DQA,CIV,N464507,E1250817,153,M,-10.1,,,3000,M,3600,M,东北管理局,IFR-VFR,S，NS,N,N,N,,
7f07054d-23e4-4967-baa9-cdf928793037,ZYSH,2500,M,ZYDU,五大连池/德都,DTU,CIV,N482628,E1260744,312,M,-11.6,2016,,3000,M,3600,M,东北管理局,IFR-VFR,S，NS，G,N,N,N,无,
5fdc3c6e-d167-482f-a652-c6680dfb6d85,ZYSH,2500,M,ZYFY,抚远/东极,FYJ,CIV,N481150,E1342148,61,M,-11.2,2012,,3000,M,3600,M,东北管理局,IFR-VFR,S，NS,N,N,N,无,
4b705eb7-2897-4a62-8fae-07c7dcb574f8,ZYSH,3600,M,ZYHB,哈尔滨/太平,HRB,CIV,N453725,E1261501,153,M,-11.3,2024,-5′06″,3000,M,3600,M,东北管理局,IFR-VFR,S，NS，G,N,Y,N,,
86798da9-68b1-416e-93ae-4671df474787,ZYSH,2500,M,ZYHE,黑河/瑷珲,HEK,CIV,N501019,E1271833,321,M,-12.4,,,3000,M,3600,M,东北管理局,IFR-VFR,S，NS，G,N,N,N,无,
24f114a7-0402-45f0-bf9e-a61a77ee0f97,ZYSH,2300,M,ZYJD,大兴安岭/鄂伦春,JGD,CIV,N502216,E1240703,371,M,-11.2,2011,-2.3′,3000,M,3600,M,东北管理局,IFR-VFR,S，NS，G,N,N,N,,
2a093027-5ac3-4b72-abb4-55bd2553597d,ZYSH,2500,M,ZYJM,佳木斯,JMU,MILEXT,N465033,E1302750,80,M,-11,,,3000,M,3600,M,东北管理局,IFR-VFR,S，NS，G,Y,Y,Y,,
861e8ecf-1c6a-4362-824f-3b8a683eb39f,ZYSH,2500,M,ZYJS,建三江/湿地,JSJ,CIV,N470631,E1323927,59,M,-11.9,2021,-4′6″,3000,M,3600,M,东北管理局,IFR-VFR,,N,N,N,,
e2e66da7-dfa5-46e4-92ba-9f723e467e3d,ZYSH,2800,M,ZYJX,鸡西/兴凯湖,JXA,CIV,N451735,E1311135,227,M,-10.3,,,3000,M,3600,M,东北管理局,IFR-VFR,S，NS,N,N,N,无,
3862ba13-c569-4f3c-897a-087bf177ca4f,ZYSH,2500,M,ZYJZ,锦州/锦州湾,JNZ,CIV,N405610,E1211638,7,M,-7.3,2012,,3000,M,3600,M,东北管理局,IFR-VFR,,N,N,N,,
75564e75-ee2a-45ed-b588-fad75ba32fe6,ZYSH,2800,M,ZYLD,伊春/林都,LDS,CIV,N474507,E1290109,257,M,-11,,,3000,M,3600,M,东北管理局,IFR-VFR,S，NS,N,N,N,无,
86c6140a-f574-4670-8608-3ca1df1c317c,ZYSH,2600,M,ZYMD,牡丹江/海浪,MDG,MILEXT,N443129,E1293409,270,M,-10,,,3000,M,3600,M,东北管理局,IFR-VFR,S，NS，G,N,Y,Y,无,
418c1b27-b302-4eb6-a2f8-a9d600f0f872,ZYSH,2800,M,ZYMH,漠河/古莲,OHE,CIV,N525501,E1222523,566,M,-12.6,2022,,3000,M,3600,M,东北管理局,IFR-VFR,S，NS,N,N,N,,
66940f3e-9753-4498-b6a5-dfc1eedc4216,ZYSH,3000,M,ZYQQ,齐齐哈尔/三家子,NDG,MILEXT,N471423,E1235505,147,M,-11.4,2021,,3000,M,3600,M,东北管理局,IFR-VFR,S，NS，G,N,Y,Y,,
5d7e5480-218f-42a9-83f9-8f404916d920,ZYSH,2500,M,ZYSD,绥芬河/东宁,HSF,CIV,N442715,E1305037,427,M,-11.1,2021,-4′24″,3000,M,3600,M,东北管理局,IFR-VFR,S，NS,N,N,N,无,
8ca52c98-5020-4599-a82b-2a3868ec78da,ZYSH,2500,M,ZYSQ,松原/查干湖,YSQ,CIV,N445552,E1243307,150,M,-10.1,2017,,3000,M,3600,M,东北管理局,IFR-VFR,,N,N,N,,
01f5a042-e7e4-4cd1-84a8-e193090b509a,ZYSH,3300,M,ZYTL,大连/周水子,DLC,CIV,N385756,E1213220,33,M,-7,,,3000,M,3600,M,东北管理局,IFR-VFR,S，NS，G,N,Y,N,,
1e8997bf-dd09-43b4-a0b8-b18afa644191,ZYSH,2300,M,ZYTN,通化/三源浦,TNH,MILEXT,N420252,E1254400,414,M,-9.2,,,3000,M,3600,M,东北管理局,IFR-VFR,S,N,N,N,无,
1aad95cf-f8f9-43b8-91dd-b49cb84321e4,,0,,,大连/土城子,,MA,,,13,M,-6.9,,,0,,0,M,其它,,,N,N,,,
722c3d7e-b2b6-4183-bdf3-b77f73e13b11,ZYSH,3200,M,ZYTX,沈阳/桃仙,SHE,CIV,N413824,E1232900,61,M,-8,,,3000,M,3600,M,东北管理局,IFR-VFR,S，NS，G,N,Y,N,用户电报：SHEKL8X,
2098b5d3-e7af-4858-861d-2d53f6d72cfa,ZYSH,2600,M,ZYYJ,延吉/朝阳川,YNJ,MILEXT,N425258,E1292705,190,M,-10.4,2021,-3′27″,2700,M,3600,M,东北管理局,IFR-VFR,S，NS，G,N,Y,Y,,
cdc954fc-6ca8-402b-9d5c-d9a1a99c8006,ZYSH,2500,M,ZYYK,营口/兰旗,YKH,CIV,N403233,E1222131,6,M,-8,,,3000,M,3600,M,东北管理局,IFR-VFR,,N,N,N,,
